﻿designator,quantity,value,pack,mpn,mount_type
"C1, C13, C15, C2, C3, C5, C6, C9",8,0.1uF,C_0603_1608Metric,,smt
"C10, C4",2,2.2nF,C_0603_1608Metric,,smt
"C11, C14, C16, C7, C8",5,10uF,CP_EIA-3216-18_Kemet-A,,smt
C12,1,10nF,C_0603_1608Metric,,smt
"C17, C18",2,220pF,C_0603_1608Metric,,smt
D1,1,SS14,D_SMA,,smt
"FB1, FB2",2,BLM18AG121SN1D,L_0603_1608Metric,,smt
"H1, H2, H3, H4",4,Hole,MountingHole_3.2mm_M3_DIN965_Pad,,tht
"J1, J2",2,Conn_01x10,PinSocket_1x10_P2.54mm_Horizontal,,tht
J3,1,BATT,SolderWire-0.25sqmm_1x02_P4.2mm_D0.65mm_OD1.7mm_Relief,,tht
J4,1,Speaker,JST_PH_B2B-PH-K_1x02_P2.00mm_Vertical,,tht
J5,1,XKB_PJ-342B,Jack_3.5mm_XKB_PJ342B-TX,,smt
LG1,1,LOGO,g200kgLogo,,tht
M1,1,ModuleNC,006P,,tht
"R1, R2",2,2.2K,R_0603_1608Metric,,smt
"R10, R16, R17, R4, R6, R8",6,10K,R_0603_1608Metric,,smt
R11,1,20k,R_0603_1608Metric,,smt
"R12, R13, R15",3,4.7K,R_0603_1608Metric,,smt
R14,1,6.8K,R_0603_1608Metric,,smt
"R18, R20, R21, R3, R5, R7, R9",7,220R,R_0603_1608Metric,,smt
"R19, R22",2,47K,R_0603_1608Metric,,smt
"RV1, RV2, RV3, RV4, RV5",5,20K,Potentiometer_Alps_RK09K_Single_Vertical,,tht
SW1,1,SW_SPDT_G,Sw_Rocker_4MS1R202M6QES,,tht
U1,1,LM358DR2G,SOIC-8_3.9x4.9mm_P1.27mm,,smt
U2,1,XIAO RA4M1,XIAO-RA4M1-SMD,,smt
U3,1,AMS1117-5.0,SOT-223-3_TabPin2,,smt
U4,1,CD74HC4051M96,SO-16_3.9x9.9mm_P1.27mm,,smt
U5,1,PAM8302AAD,SOIC-8_3.9x4.9mm_P1.27mm,,smt
