﻿pos_x,pos_y,rotation,side,designator,mpn,pack,value,mount_type,place
16.0,29.0,0.0,top,C1,,C_0603_1608Metric,0.1uF,smt,True
83.0,39.0,180.0,top,C10,,C_0603_1608Metric,2.2nF,smt,True
65.0,29.0,180.0,top,C11,,CP_EIA-3216-18_Kemet-A,10uF,smt,True
88.0,36.0,180.0,top,C12,,C_0603_1608Metric,10nF,smt,True
24.0,28.0,180.0,top,C13,,C_0603_1608Metric,0.1uF,smt,True
51.0,48.0,0.0,top,C14,,CP_EIA-3216-18_Kemet-A,10uF,smt,True
98.725,-1.5,180.0,top,C15,,C_0603_1608Metric,0.1uF,smt,True
64.0,44.0,0.0,top,C16,,CP_EIA-3216-18_Kemet-A,10uF,smt,True
56.5,43.5,0.0,top,C17,,C_0603_1608Metric,220pF,smt,True
56.5,34.5,0.0,top,C18,,C_0603_1608Metric,220pF,smt,True
12.0,-21.0,0.0,top,C2,,C_0603_1608Metric,0.1uF,smt,True
60.5,40.5,180.0,top,C3,,C_0603_1608Metric,0.1uF,smt,True
102.9,32.5,0.0,top,C4,,C_0603_1608Metric,2.2nF,smt,True
92.0,36.0,0.0,top,C5,,C_0603_1608Metric,0.1uF,smt,True
98.5,2.0,180.0,top,C6,,C_0603_1608Metric,0.1uF,smt,True
92.0,33.5,0.0,top,C7,,CP_EIA-3216-18_Kemet-A,10uF,smt,True
98.0,5.5,180.0,top,C8,,CP_EIA-3216-18_Kemet-A,10uF,smt,True
92.0,45.0,0.0,top,C9,,C_0603_1608Metric,0.1uF,smt,True
100.0,-19.5,180.0,top,D1,,D_SMA,SS14,smt,True
56.5,40.5,180.0,top,FB1,,L_0603_1608Metric,BLM18AG121SN1D,smt,True
56.5,37.5,180.0,top,FB2,,L_0603_1608Metric,BLM18AG121SN1D,smt,True
10.0,34.0,0.0,top,H1,,MountingHole_3.2mm_M3_DIN965_Pad,Hole,tht,True
12.0,-26.0,0.0,top,H2,,MountingHole_3.2mm_M3_DIN965_Pad,Hole,tht,True
77.0,26.0,0.0,top,H3,,MountingHole_3.2mm_M3_DIN965_Pad,Hole,tht,True
77.0,-26.0,0.0,top,H4,,MountingHole_3.2mm_M3_DIN965_Pad,Hole,tht,True
7.16,26.67,0.0,top,J1,,PinSocket_1x10_P2.54mm_Horizontal,Conn_01x10,tht,True
7.16,-3.81,0.0,top,J2,,PinSocket_1x10_P2.54mm_Horizontal,Conn_01x10,tht,True
86.5,-11.0,180.0,top,J3,,SolderWire-0.25sqmm_1x02_P4.2mm_D0.65mm_OD1.7mm_Relief,BATT,tht,True
55.5,27.0,180.0,bottom,J4,,JST_PH_B2B-PH-K_1x02_P2.00mm_Vertical,Speaker,tht,True
107.4,40.0,-90.0,top,J5,,Jack_3.5mm_XKB_PJ342B-TX,XKB_PJ-342B,smt,True
87.0,7.5,0.0,top,LG1,,g200kgLogo,LOGO,tht,True
93.5,-7.0,-90.0,bottom,M1,,006P,ModuleNC,tht,True
42.0,16.0,0.0,top,R1,,R_0603_1608Metric,2.2K,smt,True
12.0,-18.0,180.0,top,R10,,R_0603_1608Metric,10K,smt,True
98.575,32.5,180.0,top,R11,,R_0603_1608Metric,20k,smt,True
92.0,42.0,180.0,top,R12,,R_0603_1608Metric,4.7K,smt,True
92.0,39.0,180.0,top,R13,,R_0603_1608Metric,4.7K,smt,True
88.0,39.0,0.0,top,R14,,R_0603_1608Metric,6.8K,smt,True
83.0,36.0,0.0,top,R15,,R_0603_1608Metric,4.7K,smt,True
46.0,47.5,0.0,top,R16,,R_0603_1608Metric,10K,smt,True
70.0,29.0,180.0,top,R17,,R_0603_1608Metric,10K,smt,True
83.0,33.0,0.0,top,R18,,R_0603_1608Metric,220R,smt,True
64.5,47.0,0.0,top,R19,,R_0603_1608Metric,47K,smt,True
42.0,20.0,0.0,top,R2,,R_0603_1608Metric,2.2K,smt,True
99.9,47.0,180.0,top,R20,,R_0603_1608Metric,220R,smt,True
95.9,47.0,180.0,top,R21,,R_0603_1608Metric,220R,smt,True
56.5,47.0,180.0,top,R22,,R_0603_1608Metric,47K,smt,True
16.0,21.0,180.0,top,R3,,R_0603_1608Metric,220R,smt,True
16.0,18.0,180.0,top,R4,,R_0603_1608Metric,10K,smt,True
12.0,8.75,180.0,top,R5,,R_0603_1608Metric,220R,smt,True
12.0,5.75,180.0,top,R6,,R_0603_1608Metric,10K,smt,True
12.0,-4.0,180.0,top,R7,,R_0603_1608Metric,220R,smt,True
12.0,-6.5,0.0,top,R8,,R_0603_1608Metric,10K,smt,True
12.0,-15.0,180.0,top,R9,,R_0603_1608Metric,220R,smt,True
74.0,40.0,90.0,top,RV1,,Potentiometer_Alps_RK09K_Single_Vertical,20K,tht,True
48.0,40.0,90.0,top,RV2,,Potentiometer_Alps_RK09K_Single_Vertical,20K,tht,True
22.0,40.0,90.0,top,RV3,,Potentiometer_Alps_RK09K_Single_Vertical,20K,tht,True
30.0,5.0,90.0,top,RV4,,Potentiometer_Alps_RK09K_Single_Vertical,20K,tht,True
30.0,-19.0,90.0,top,RV5,,Potentiometer_Alps_RK09K_Single_Vertical,20K,tht,True
90.0,-15.0,0.0,top,SW1,,Sw_Rocker_4MS1R202M6QES,SW_SPDT_G,tht,True
85.0,44.0,0.0,top,U1,,SOIC-8_3.9x4.9mm_P1.27mm,LM358DR2G,smt,True
95.0,20.0,-90.0,top,U2,,XIAO-RA4M1-SMD,XIAO RA4M1,smt,True
99.5,-8.0,90.0,top,U3,,SOT-223-3_TabPin2,AMS1117-5.0,smt,True
32.0,25.0,90.0,top,U4,,SO-16_3.9x9.9mm_P1.27mm,CD74HC4051M96,smt,True
62.5,36.0,180.0,top,U5,,SOIC-8_3.9x4.9mm_P1.27mm,PAM8302AAD,smt,True
